{
  "lang":"en",
  "name":"pipeline",
  "version":"0.0.0",
  "spacy_version":">=3.4.2,<3.5.0",
  "description":"",
  "author":"",
  "email":"",
  "url":"",
  "license":"",
  "spacy_git_version":"Unknown",
  "vectors":{
    "width":0,
    "vectors":0,
    "keys":0,
    "name":null,
    "mode":"default"
  },
  "labels":{
    "ner":[
      "CHEMECHAL COMPOUND",
      "CHEMICAL COMPOUND",
      "CONDITION",
      "DISEASE",
      "DOSAGE ",
      "DRUG CLASS",
      "MEDICAL CONDITION",
      "MEDICINE NAME",
      "PHARMACEUTICAL CLASS",
      "SYMPTOM"
    ]
  },
  "pipeline":[
    "ner"
  ],
  "components":[
    "ner"
  ],
  "disabled":[

  ]
}